KRLT11 2L-1,,,,,,,,,+ G,,,,G to T,,- T,,,,,,,,,,,,+ G,,,A to G ,,,,,,,,,,,,,,,,,,,,,,,,,,,,,,,,,,,,,,,,,,,,,,,,,,,,,,,,,,,,,,,,,,,,,,,,,,,,,,,,,- G,,,,,,,,,,,,,,,,,,,,,,,,,,,,,,,,,,,,,,,,,,,,,,,,,,,,,,,,,,,,,,,,,,,,,,
KRLT11 2L-2,,,,,,,,,,,,,,,,,,,,,,,,,,,,,,,,,,,,,,,,,,,,,,,,,,,,,,,,,,,,,,,,,,,,,,,,,,,,,,,,,,,,,,,,,,,,,,,,,,,,,,,,,,,,,,,,,,,,,,+ G,,,,,,,,,,,,,,,,,,,,,,,,,,,,,,,,,,,,,,,,,,,,,,,,,,,,,,,,,,,,,,,
KRLT11 2L-3,,,,,,,,,,,,,,,,,,,,,,,,,,,,,,,,,,,,,,,,,,,,,,,,,,,,,,,,,,,,,,,,,,,,,,,+ GT,,,,,,,,,,,,,,,,,,,,,,,,,,,,,,,,,,,,,,,,,,,,,,,,,,,,,,,,,,,,,,,,,,,,,,,,,,,,,,,,,,,,,,,,,,,,,,,,,,,,,,,,,,,,,,
KRLT11 2L-4,,,,,,,,,,,,,,,,,,,,,,,,,,,,,,,,,,,,,,,,,,,,,,,,,,,,,,,,,,,,,,,,,,,,,,,,,,,,,,,,,,,,,,+ G,,,,,,,,,,,,,,,,,,,,,,,,,,,,,,,,,,,,,,,,,,,,,,,,,,,,,,,,,,,,,,,,,,,,,,,,,,,,,,,,,,,,,,,,,,,,,,,
KRLT11 2L-7,,,,,,,,,,,,,,,,,,,,,+ T,,,,,,,,,,,,,,,,,,,,,,,,+ TGT,,,,,,,,,,,,,,,,,,,,,,,,,,,,,,,,,,,,,,,,,,,,,,,,,,,,,,,,,,,,,,,,,,,,,,,,,,,,,,,,,,,,,,,- G,- T,,,,,,,,,,,,,,,,,,,,,,,,,,,,,,,,,,,,,,,,,,,,,,,,
KRLT11 2R-1,,,,,,,,,,,,,,,,,,,,,,,,,,,,,,,,,,,,,,,,,,,,,,,,,,,,,,,,,,,,,,,,,,,- G,- T,- G,,,,,,,,,,,,,,,,,,,,,,,,,,,,,,,,,,,,,,,,,,,,,,,,,,,,,,,,,,,,,,,,,,,,,,,,,,,,,,,,,,,,,,,,,,,,,,,,,,,,,,,,,,,,,,,,
KRLT11 2R-11,,,,,,,,,,,,,,,,,,,,,,,,,,,,,,,,,,,,,,,,,,,,,,,,,,,,,,,,,,,,,,,,,,,,,,,,,,,,,,,,,,,,,,,- G,,,,,,,,,,,,,,,,,,,,,,,,,,,,,,,,,,,,,,,,,,,,,,,,,,,,,,,,,,,,,,,,,,,,,,,,,,,,,,,,,,,,,,,,,,,,,,
KRLT11 2R-12,,,,,,,,,,,,,,,,,,,,,,,,,,,,,,,,,,,,,,,,,,,,,,,,,,,,,,,,- G,,,,,,,- G,- T,,,,,,,,,,,,,,,,,,,,,,,,,,,,,,,,,,,,,,,,,,,,,,,,,,,,,,,,,,,,,,,,,,,,,,,,,,,,,,,,,,,,,,,,,,,,,,,,,,,,,,,,,,,,,,,,,,,,,
KRLT11 2R-13,,,,,,,,,,,,,,,,,,,,,,,,,,,,,,,,,,,,,,,,,,,,,,,,,,,,,,,,,,,,,,,,,,,,,+ T,,,,,,,,,,,,,,,,,,,,,,,,,,,+ T,,,,,,,,,,,,,,,,,,,,,,T to G,,,,,,,,,,,,,,,,,,,- T,,,,,,,,,,,,,,,,,,,,,,,,,,,,,,,,,,,,,,,,,,,,
KRLT11 2R-14 ,,,,,,,+ G,,,,,,,,,,,,,,,,,,,,,,,,,,,,,,,,,,,,,,,,,,,,,,,,,,,,,,,,,,,,,,+ T,,,,,,+ G,,,,,,,+ GT,,,,,,,,,,,,,,,,,,,,,,,,,,,,,,,,,,,,,,+T,,,,,,,,,,,,,,,,,,,+T,,,,,,,,,,,,,,,,,,,,,,,,,,,,,,,,,,,,,,,,,,
KRLT11 2R-15,,,,,G to T,,,,,,,+ T,,G to A,,,,,,,,,,,,,,,,A to G ,,,,,,,,,,,,,- G,- T,- G,,,,,,,- G,- T ,,,,,,,,,- G,,,,,,,,,,,,,,,,,,,,,,,,,,,,,,,,,,,,,,,,,,,,,,,,,,,,,,,,,,,,,,,,,,,,,+ T,,,,,,,,G to T ,,,,,,,,,,,,,,,,,,,,,,,,,,,,,,,,,,,,,,,,,,
KRLT11 2R-16 ,,,,,G to T ,,,,,,,,G to T ,,,,,,,,G to T,,,,,,,+ T,,,,,,,,,,,,,,,,,,,,,,,,,,,,,,,,,,,,,,,,,,,,,,,,,,,,,,,- G,- T,,,,,,,,,,,,,,,,,,,,,,,,- T,,,,G to T ,,,,T to G,,,,,,,,,,+ T,,,,,,,- T,,,,,,,,,,,,,,,,,,,,,,,,,,,,,,,,,,,,,,,,,,,,,,,,
KRLT11 2R-17,,,,,,,,+ TGGA,,,,,,,,,,- G,- T,- G,,,,,T to G,,,,,,,,,,,- G,- T,,,,,,,,,,,,,,,,,,,,,,,,,,,,,,,,,,,,,,,,,,,,,,,,,,,,,,,,,,,,,,,,,,,,,,,,,,,,,,,,,,,,,,,,,,,,,,,,,,,,,,,,,,,,,,,,,,,,,,,,,,,,,,,,,,,,,,,,,,,,,,,,
KRLT11 2R-18,,,,+ T,,,,,,,,,,,,,,,,,,,,,,,,,,,,,,,,,,,,,,,,,,,,,,,,,,,,,,,,,,,,,,,,,,,,,,,,,,,,,- G,,,,,,,,,,,,,,,,,,,+ G,,,,,,,,,,,,G to T,,T to G,,,,,,,,,,,,,,,,+ G,,,,,,,,,,,,,,,,,,,,,,,,,,,,,,,,,,,,,,,,,,,,,,,,,,,
KRLT11 3L-1,T to G,,,,,,,,,,,,,,,,,- G,- T,- G,,,,,,,,,,- A,,,,,,,,,,,,,,,,,- G,- T,,,,,,,,,,,,,,,,,,,,- T,,,,- G,- T,,,,,,,,,,,,,,,,,,,,,,,,,,,,,,,,+ G,,,,,- T,,,,,,,,,,,,,,,,,,,,,,,,,,,,,,,,,,,,,,,,,,,,,,,,,,,,,,,,,,,,,,,,,,,,,,,
KRLT11 3R-1,,,,,,,,,,,,,,- G,- T,,,,,,,,,,,,,,,A to G,,,,+ T,+ GGT,,,,,,,,,,,,,,,,,,,,,,,,,,,,,,,,,,,,,,,,,,,,,,,,,,,,,,,,,,,,,,,,,,,,,,,,,,,,,,,,,,,,,,,,,,,,,,,,,,,,,,,,,,,,,,,,,,,,,,,,,,,,,,,,,,,,,,,,,,,,,,,,,,
KRLT11 3R-5,,,,,,,,,,,- T,- G,- G,- G,- T,,,,,,,,,,,,- T,,- G,- A,,,,,,,,,,,,,,+ GTG,,,,,,,,,,,,,,,,,,,,,,,,,,,,,,,,,,,,,,,,,,,,,,,,,,,,,,,,,,,,,,,,,,,,,,,,,,,,,,,,,,,,,,,,,,,,,,,,,,,,,,,,,,,,,,,,,,,,,,,,,,,,,,,,,,,,,,,,,
KRLT11 3R-8,,,,,,,,,,,,,,,,,,,,,,,,,,,,,,,,,,,,,,,,,,,,,,,,,,,,,,,,,,,,,,,,,,,,,,,,,,,,,,,,,,,,,,,,,,,,,,,,,,,,,,,,,,- G,,,,- T,,,,,,,- G,- T,- G,,,,,,,,,,,+ G,,,,,,,,,,,,,,,,G to T,,,,,,,,,,,,,,,,,,,,,,,,,,,,,,,,,,,
KRLT11 3R-9,,,,,,,,,,,- T,- G,- G,- G,- T,,,,,,,,,,,,- T,,- G,- A,,,,,,,,,,,,,,+ GTG,,,,,,,,,,,,,,,,,+ G,,,,,,,,,,,,,,,,,,,,,,,,,,,,,,,,,,,,,,,,,,,,,,,,,,,,,,,,,,,,,,,,,,,,,,,,,,,,,,,,,,,,,,,,,,,,,,,,,,,,,,,,,,,,,,,,,,,,,,,,
KRLT11 3R-12,,,,,,,,,,,,,,,,,,,,,,,,,,,,,,,,,,,,,,,,,,,,,,,,,,,,,,,,,,,,,,,,,,,,,,,,,,,,,,,,,,,,,,,,,,,,,,,,,,,,+ G,,,,,+ GTG,,,,,,,,,,,,,,,,,,,,- G,- G,,,,- T,,,,,,,,,,G to A,,,,,,,,,,,,,,,,,,,,,,,,,,,,,,,,,,,,,,,,,
KRLT11 5L-1,,,,,,,,,,,,,,,,,,,- T,,G to T,,,,,,,,,A to G,,,,,,,,,,,,,,,- G,,,,,,,,,,,,,,,,,+ GTGT,,,,,,,,,,,,,,,,,,,,,,,,,,,,,,,,,,,,,,,,,,,,,,,,,,,,,,,,,,,,,,,,,,,,,,,,,,,,,,,,,,,,,,,,,,,,,,,,,,,,,,,,,,,,,,,,,,,,,,,
KRLT11 5L-13,,,,,,,,,,,,,,,,,,,,,,,,,,,,,,,- T,- G,,,,,,,,,,,,,- G,,,,,,,- G,- T,,,,,,,,,,,,,,,,,,,,,,,,,,,,,,,,,,,,,,,,,,,,,,,,,,,,- T,,,,,,,,,,,,,,,,,,,,,,,,,- T,,- G,- T,,,,,,,,,,,,,,,,,,,,,,,,,,,,,,,,,,,,,,,,,,,,,,,,
KRLT11 5L-14,,,,,,,,,,,,,,,,,,,,,,,,,,,,,,,,,,,,,,,,,,,,,,,,,,,,,,,,- G,,,,,,,,,,,,,,,,,,,- T,,- G,- T,,,,,,,,,,,,,,,,,,,,,,,,,,,,,,,,,,,,,,,,,,,,,,,,,,,,,,,,,,,,,,,,- G,- T,,,,,,,,,,,,,,,,,,,,,,,,,,,,,,,,,,,,,,
KRLT11 5L-15,,,,,,,,,,,,,,,,,,,,,,,,,,,,,,,,,,,,,,,,,,,,,,,,,,,,,,,,,,,,,,,,,,,,,,,,,,,,,,,,,,,,,,,,,,,,,,,,,,,,,,,,,,,,,,,,,- G,- T,,,,,,,,,,,,,,,,,,,,,,,,,,,,,,,,,,,,,,,,,,,,,,,,,,,,,,,,,,,,,,,,,,,
KRLT11 5R-12,,,,,,,,,,,,,,,,,,,,,,,,,,,,,,,,,,,,,,,,,,,,,,,- G,- T,,,,,,,,,,,,,,,,,,,,,- G,,,,,,,,,,,,,,,,,,,,,,,,,,,,,,,,,,,,,,,,,,,,- G,- T,,,,,,,,,,,,,,,,,,,,,,,,,,,,,,,,,,,,,,,,,,,,,,,,,,,,,,,,,,,,,,,,,,,
KRLT11 6L-6,,,,,,,,,,,,,,,,,,,,,,,,,,,,,,,,,,,,,,,,,,,,,,,,,,,,,,,,,,,,,,,,,,,,,,,,,,,,,,,,,,,,,,,,+ T,,,,,,- T,,,,,,,,,,,+ G,,,,,,,,,,,,,,,,,,,,- G,,,,,,,,,,,,,,,,,,,,,,,,,,,,,,,,,,,,,,,,,,,,,,,,,,,,,,,,
KRLT11 6R-1,,G to A,,,G to C,G toT,T to A,,,,T to A,,,G to T,T to G,,,,,,,,,,,,,,,,,,,,,,,,,,,,,,,,,,,,,,,,,,,,,,,,,,,,,,,,,,,,,,,,,,,,,,,,,,,,,,,,,,,,,,,,,,,,,,,,,,,,,,,,,,,,,,,,,,,,,,,,,,,,,,,,,,,,,,,,,,,,,,,,,,,,,,,,,,,,,,,,,,,,,,
KRLT11 6R-2,,,,,,,,,,,,,,,,,,,,,,,,,,,,,,,,,,,,,,,,,,,,,,,,,,,,,,,,,,,,,,,,,,,,,,,,,,,,,,,,,,,,,,,,,,,,+ G,,,,G to T,,,,T to G,,,,,,,,,,,,,,,,,,T to G,,G to T,,,,,,,,,,,,,,,,- G,- T,- G,,,,,,,,,,,,,,,,,,,,,,,,,,,,,,,,,,,,,,,,,,,
KRLT11 8R-1,,,,,,,,,,,,,,,,,,,,,,,,,,,,,,,,,,,,,,,,,,,,,,,,,,,,,,,,,,,,,,,,,,,,,,,+ GT,,,,,,,,,,,,,,,,,,,,,,,,,,,,,,,,,,,,,,,,,,,,,,,,,,,,,,,,,,,,,,,,,,,,,,,,,,,,,,,,,,,,,,,,,,,,,,,,,,,,,,,,,,,,,,
KRLT11 8R-6,,,,,,,,,,,,,,,,,,,,,,,,,,,,,,,,,,,,,,,,,,+ G,,,,,,,,,,,,,,,,,,,,,,,,,,,,,,,,,,,,,,,,,,,,,,,,,,,,,,,,,,,,,,,,,,,,,,,,,,,,,,,,,,,,,,,,,,,,,,,,,,,,,,,,,,,,,,,,,,,,,,,,,,,,,,,,,,,,,,,,,,,
KRLT11 8R-10,,,,,,,,,,,,,,,,,,,,,,,,,,,,,,,,,,,,,,,,,,,,,,,,,,,,,,,,,,,,,,,,,,,,,,,,,,,,,,,,,,,,,,,,,,,,,,,,,,,,,,,,,,,,,,,,+ GT,,,,,,,,,,,,,,,,,,,,,,,,,,,,,,,,,,,,,,,,,,,,,,,,,,,,,,,,,,,,,,,,,,,,,
KRLT11 9L-4,,,,,,,,,,,,,,,,,,,,,,,,,,,,,,,,,,,,,,,,,,,,,,,,,,,,,,,,,,,,,,,,,,,,,,,,,,,,,,,,,,,,,,,,,,,,,,,,,,,,,,,,,+ GGTGTG,,,,,,,,,,,,,,,,,,,,,,,,,,,,,,,,,,,,,,,,,,,,,,,,,,,,,,,,,,,,,,,,,,,,,,,,,,,,
KRLT11 9L-8,,,,,,,,,,,,,,,,,,,,,,,,,,,,,,- A,,,,,,,,,,+ GGT,,,,,,,,,,,,,,,,,+ T,,,,- T,,,,,,,,- G,,,,,,,,,,,,,,,,,,,,,,,,,,,,,,,,,,,,,,,,,,,,,,,,,,,,,,,,,,,,,,,,,,,,,,,,,,,,,,,,,,,,,,,,,,,,,,,,,,,,,,,,,,,,,,,,
KRLT11 10R-1,,,,- G,,,,,,,,,,,,,+ GG,,,+ T,,,,,,,,,,A to G,,,,,,,,,,+ GGT,,,,,,,,,,,,,,,,,,,,,,,,,,,,,,,,,,,,,,,,,,,,,,,,,,,,,,,,,,,,,,,,,,,,,,,,,,,,,,,,,,,,,,,,,,,,,,,,,,,,,,,,,,,,,,,,,,,,,,,,,,,,,,,,,,,,,,,,,,,,,
KRLT11 13L- 1,,,,,,- G,- T,,,,,,,,,,,,,,,,,,,,,,,,,,,,,,,,,,- G,- T,,,,,,,,,,,,,,,,,,,- T,- G,- G,- T,,,,,,,,- G,- T,,,,,,,,,,,,,,,,,,,,,,,,,,,,,,,,,,,,,,,,,,,,,,,,,,,,,,,,,,,,,,,,,,,,,,,,,,,,,,,,,,,,,,,,,,,,,,,,,,,,,,,,,,,,
KRLT11 13L- 3,,,T to G,,G to T ,,,,,,,,,,,,,,,,,,,,,,,,,,,,,,,,,,,,,,,,,,,,,,,,,,,,,,,,,,,,,,,,,,,,,,,,,,,,,,,,,,,,,,,,,,,,,,,,,,,,,,,,,,,,,,,,,,,,,,,,,,,,,,,,,,,,,,,,,,,,,,,,,,,,,,,,,,,,,,,,,,,,,,,,,,,,,,,,
KRLT11 13L- 5,,,,,,,,,,,,,,,,,,,,,,,,,,,,,,,,,,,,,,,,,,,,,,,,,,,,,,,,,,,,,,,,,,,,,,,,,,,,,,,,,,,,,,,,,,,,,,,,,,,,,,,,,,- G,,,,- T,,,,,,,- G,- T,- G,,,,,,,,,,,+ G,,,,,,,,,,,,,,,,G to T,,,,,,,,,,,,,,,,,,,,,,,,,,,,,,,,,,,
KRLT11 13L- 6,,,,,,,,,,,,,+ AT,,+ GG,,,,,,+ T,,+ GG,,,,,,,- A,,,,,,,,,,,,,,+ GTG,,,,,,,,,,,,,,,,,+ G,,,,,,,,,,,,,,,,,,,,,,,,,,,,,,,,,,,,,,,,,,,,,,,,,,,,,,,,,,,,,,,,,,,,,,,,,,,,,,,,,,,,,,,,,,,,,,,,,,,,,,,,,,,,,,,,,,,,,,,,
KRLT11 13L- 7,,,,,,,,,,,,,,,,,,,,,,,,,,,,,,,,,,,,- G,- T,,,,,,,,,,,,,,,,,,,,,,,,,,,,,,,,,,,,,,,,,,,,,,,,,,,,,,,,,,,,,,,,,,,,,,,,,,,,,,,,,,,,,,,,,,,,,,,,,,,,,,,,,,,,,,,,,,,,,,,,,,,,,,,,,,,,,,,,,,,,,,,,
KRLT11 13L- 9,,,,,,,,,,,,,,,,,,,,,,,,,,,,,,,,,,,,,,,,,,,,,,,,,,,,,,,,,,,,,,,- G,- T,,,,,,,,,,,,,,,,,,,,,,,,,,,,,,,,,,,,,,,- T ,,,- G,,,,,,,,,,,- G,- T,- G,,,,,,,+ G,,,,- T,,,,,,,,,,,,,,,,,,,,,,,,,,,,,,,,,,,,,,,,,,,,,,,,,,,
KRLT11 13R-2,,,,,,,,,,,,,,,,,,,,,,,,,,,,,,,,,,,,,,,,,,,,,,,,,,,,,,,,- G,,,,,,,,,,,,,,,,,,,,,,,,,,,,,,,,,,,,,,,,,,,,,,,,,,,,,,,,,,,,,,,,,,,,,,,,,,,,- G,- T,,,,,,,,,,,,,,,,,,,,,,,,,,,,,,,,,,,,,,,,,,,,,,,,
KRLT11 13R-3,,,,,,,,,,,,,,,,,,,,,,,,,,,,,,,,,,,,,,,,,- G,- T,,,,,,,,,,- G,- T,,,,,,,,,,,,,,,,,,,,,,,,,,,,,,,,,,,,- G,- T,,,,,,,,,,,,,,,,,,,,,,,,,,,,,,,,,,,,,,,,,,,,,,,,,,,,,,,,,,,,,,,,,,,,,,,,,,,,,,,,,,,,,,,,,,,
KRLT11 13R-7,,,,,,,,,,,,,,,,,,,,,,,,,,,+ G,,,,,,,,,,,,,,,,,,,,,,,,,,,,,,,,,,,,,,,,,,,,,,,,,,,,,,,,,,,,,,,,,,,,,,,,,,,,,,,,,,,,,,,,,,,,,,,,,,,,,,,,,,,,,,,,,,,,,,,,,,,,,,,,,,,,,,,,,,,,,,,,,,,,,,,,,,
KRLT11 13R-12,,,,,,,,,,,,,,,,,,,,,,- G,- T,,,,,,,,,,,,,,- T,,,,,,,,,,,,,,,,,,,- G,,,,,,,- G,- T,- G,- T,,,,,,,,,,,,,,,,,,,,,,,,,,,,,,,,,,,,,,,,,,,,,,,,,,,,,,,,,,,,,,,,,,,,,,,,,,,,,,,,,,,,,,,,,,,,,,,,,,,,,,,,,,,,,,,,,,,
KRLT11 14R-1,,,,,,,,,,,,,,,+ GTG,,,,,,G to T ,,,,,,,,+ T,A to G ,,,,,,,,,,,,,,- T,,,,,,,,,,,,,,,,,,,,,,,,,- G,,,,,,,,,,,,,,,,,,,,,,,,,,,,,,,,,- G,- T,- G,,,,,,,,,- G,- T,,,,,,,,,,,,,,,,,,,,,,,,,,,,,,,,,,,,,,,,,,,,,,,,,,,,,,,,,,,,,,,,,,,
KRLT11 14R-2,,,,,,,,,,,,,,,,,,,,,,,,,,,,,,,,,,,,,,,,,,,,,,,,,,,,,,,,,,,,,,,,,,,,,,,,,,,,,,,,,,,,,,,,,,,,,,,,,,,,,,,,,,,,,,,,,,,,,,,,,,,,,,,,,,,,,,,,,,- G,,,,,,,,,,,,,,,,,,,,,,,,,,,,,,,,,,,,,,,,,,,
KRLT11 15L-1,,,,,,,,,,,,,,,,,,,,,,,,,,,,,,,,,,,,,,,,,,,,,,,,,,,,,,,,,,,,,,,,,,,,,,,,,,,,,,,,,,,,,,,,,,,,,,,,,,,,,,,,,+ G,,,,,,,+ T,,,,+ GGG,,,+ T,,,,,,,,,,,+ G,,,,,,,,,,,,,,,,G to T,,,,,,,,,,,,,,,,,,,,,,,,,,,,,,,,,,,
